{
  "name": "lora_w4a16_d002_kmmlu",
  "path": "/home/lgaimers/0214/models/lora_w4a16_d002_kmmlu",
  "size_gb": 1.2951833456754684,
  "gpu_mem_gb": 2.6661014556884766,
  "perplexity": 80.04809952251894,
  "tokens_per_sec": 13.632455390120208,
  "time_per_token": 0.07335435703862458,
  "kmmlu_accuracy": 0.29,
  "kmmlu_correct": 29,
  "kmmlu_total": 100,
  "perf_norm": 0.881058445565497,
  "speed_norm": -4.297468963961764,
  "local_score": 0
}