{
  "name": "lora_w4a16_kmmlu",
  "path": "/home/lgaimers/0214/models/lora_w4a16_kmmlu",
  "size_gb": 1.2951833456754684,
  "gpu_mem_gb": 3.180575370788574,
  "perplexity": 79.75856115036632,
  "tokens_per_sec": 13.585932664558834,
  "time_per_token": 0.0736055466113612,
  "kmmlu_accuracy": 0.3,
  "kmmlu_correct": 30,
  "kmmlu_total": 100,
  "perf_norm": 0.8842568511588403,
  "speed_norm": -4.31560924927491,
  "local_score": 0
}