{
  "name": "lora_w8a8_d002",
  "path": "/home/lgaimers/0214/models/lora_w8a8_d002",
  "size_gb": 1.7785000130534172,
  "gpu_mem_gb": 3.180575370788574,
  "perplexity": 69.45470237892343,
  "tokens_per_sec": 9.241520894238594,
  "time_per_token": 0.10820729741826654,
  "kmmlu_accuracy": 0.31,
  "kmmlu_correct": 31,
  "kmmlu_total": 100,
  "perf_norm": 1.0154395846520066,
  "speed_norm": -6.81446151106766,
  "local_score": 0
}