{
  "name": "w4a16_kmmlu",
  "path": "/home/lgaimers/0214/models/w4a16_kmmlu",
  "size_gb": 1.2951833456754684,
  "gpu_mem_gb": 3.180575370788574,
  "perplexity": 85.20686046412526,
  "tokens_per_sec": 13.689408579251632,
  "time_per_token": 0.0730491747843403,
  "kmmlu_accuracy": 0.09,
  "kmmlu_correct": 9,
  "kmmlu_total": 100,
  "perf_norm": 0.8277156763154866,
  "speed_norm": -4.2754294616651025,
  "local_score": 0
}