{
  "name": "w8a8_d02_c3072_s512",
  "path": "/home/lgaimers/0214/models/w8a8_d02_c3072_s512",
  "size_gb": 1.7785000130534172,
  "gpu_mem_gb": 3.180575370788574,
  "perplexity": 71.71239592536527,
  "tokens_per_sec": 9.332152965367966,
  "time_per_token": 0.10715640899919283,
  "kmmlu_accuracy": 0.07,
  "kmmlu_correct": 7,
  "kmmlu_total": 100,
  "perf_norm": 0.9834708940583134,
  "speed_norm": -6.738568966856572,
  "local_score": 0
}