{
  "name": "w8a8_kmmlu_pure",
  "path": "/home/lgaimers/0214/models/w8a8_kmmlu_pure",
  "size_gb": 1.7785000130534172,
  "gpu_mem_gb": 3.180575370788574,
  "perplexity": 69.79874937607276,
  "tokens_per_sec": 9.349408911051906,
  "time_per_token": 0.1069586333760526,
  "kmmlu_accuracy": 0.05,
  "kmmlu_correct": 5,
  "kmmlu_total": 100,
  "perf_norm": 1.0104343525667758,
  "speed_norm": -6.724286103946848,
  "local_score": 0
}