{
  "name": "w8a8_d025_c2048_s512",
  "path": "/home/lgaimers/0214/models/w8a8_d025_c2048_s512",
  "size_gb": 1.7785000130534172,
  "gpu_mem_gb": 3.180575370788574,
  "perplexity": 70.40153927791899,
  "tokens_per_sec": 9.15558716965152,
  "time_per_token": 0.10922292382456363,
  "kmmlu_accuracy": 0.05,
  "kmmlu_correct": 5,
  "kmmlu_total": 100,
  "perf_norm": 1.0017828425223525,
  "speed_norm": -6.887807520541997,
  "local_score": 0
}